{
  "ar": {
    "page_title": "تواصل معنا - مستشفى الملك عبد العزيز بمكة",
    "hospital_name_ar": "مستشفى الملك عبد العزيز بمكة",
    "hospital_name_en": "King Abdulaziz Hospital",
    "lang_btn": "عربي",
    "nav_home": "الرئيسية",
    "nav_about": "عن المستشفى ▾",
    "nav_doctors": "الأطباء",
    "nav_services": "الخدمات الإلكترونية ▾",
    "nav_emp_services": "خدمات الموظفين",
    "nav_patient_services": "خدمات المرضى",
    "nav_policies": "السياسات",
    "nav_contact": "تواصل معنا",
    "btn_login": "تسجيل الدخول",
    "btn_signup": "إنشاء حساب",
    "contact_title": "تواصل معنا",
    "placeholder_name": "الاسم الكامل",
    "placeholder_email": "البريد الإلكتروني",
    "placeholder_message": "رسالتك...",
    "btn_send": "إرسال الرسالة",
    "label_admin": "الإدارة العامة:",
    "label_info": "الاستعلامات:",
    "label_address": "مكة المكرمة ‑ المملكة العربية السعودية",
    "footer_links": "روابط رسمية",
    "link_moh": "وزارة الصحة",
    "link_mhc": "تجمع مكة المكرمة الصحي",
    "link_scfhs": "هيئة التخصصات الصحية",
    "link_sfda": "هيئة الغذاء والدواء",
    "footer_contact": "معلومات الاتصال",
    "footer_phone": "الهاتف: 012‑5442400",
    "footer_follow": "تابعونا",
    "footer_copy": "جميع الحقوق محفوظة © 2027 الادارة التنفذية للصحة الرقمية في مستشفى الملك عبد العزيز",
    "footer_supervisor": "م.هاني مياجان"
  },
  "en": {
    "page_title": "Contact Us - King Abdulaziz Hospital in Makkah",
    "hospital_name_ar": "King Abdulaziz Hospital in Makkah",
    "hospital_name_en": "King Abdulaziz Hospital",
    "lang_btn": "English",
    "nav_home": "Home",
    "nav_about": "About Hospital ▾",
    "nav_doctors": "Doctors",
    "nav_services": "E-Services ▾",
    "nav_emp_services": "Employee Services",
    "nav_patient_services": "Patient Services",
    "nav_policies": "Policies",
    "nav_contact": "Contact Us",
    "btn_login": "Login",
    "btn_signup": "Sign Up",
    "contact_title": "Contact Us",
    "placeholder_name": "Full Name",
    "placeholder_email": "Email Address",
    "placeholder_message": "Your message...",
    "btn_send": "Send Message",
    "label_admin": "Admin Office:",
    "label_info": "Information:",
    "label_address": "Makkah, Kingdom of Saudi Arabia",
    "footer_links": "Official Links",
    "link_moh": "Ministry of Health",
    "link_mhc": "Makkah Health Cluster",
    "link_scfhs": "Saudi Commission for Health Specialties",
    "link_sfda": "Food & Drug Authority",
    "footer_contact": "Contact Information",
    "footer_phone": "Phone: 012‑5442400",
    "footer_follow": "Follow Us",
    "footer_copy": "All rights reserved © 2027 Digital Health Administration at King Abdulaziz Hospital",
    "footer_supervisor": "Eng. Hani Miyajan"
  }
}
