{
  "ar": {
    "page_title": "استعادة كلمة المرور - مستشفى الملك عبد العزيز",
    "hospital_name_ar": "مستشفى الملك عبد العزيز بمكة",
    "hospital_name_en": "King Abdulaziz Hospital",
    "lang_btn": "عربي",
    "nav_home": "الرئيسية",
    "form_title": "استعادة كلمة المرور",
    "form_subtitle": "الرجاء إدخال بريدك الإلكتروني لاستعادة كلمة المرور",
    "placeholder_email": "example@domain.com",
    "placeholder_code": "أدخل رمز التحقق المرسل",
    "btn_send_link": "إرسال رابط الاستعادة",
    "btn_verify": "تحقق من الرمز",
    "not_received": "لم تستلم الرمز؟",
    "resend": "إعادة الإرسال",
    "back_login": "العودة لتسجيل الدخول",
    "footer_privacy": "سياسة الخصوصية",
    "footer_contact": "اتصل بنا",
    "footer_help": "المساعدة",
    "footer_copy": "جميع الحقوق محفوظة © 2027 الادارة التنفذية للصحة الرقمية في مستشفى الملك عبد العزيز",
    "footer_supervisor": "م.هاني مياجان"
  },
  "en": {
    "page_title": "Forgot Password - King Abdulaziz Hospital",
    "hospital_name_ar": "King Abdulaziz Hospital in Makkah",
    "hospital_name_en": "King Abdulaziz Hospital",
    "lang_btn": "English",
    "nav_home": "Home",
    "form_title": "Forgot Password",
    "form_subtitle": "Please enter your email to reset your password",
    "placeholder_email": "example@domain.com",
    "placeholder_code": "Enter the verification code sent",
    "btn_send_link": "Send Recovery Link",
    "btn_verify": "Verify Code",
    "not_received": "Didn't receive the code?",
    "resend": "Resend",
    "back_login": "Back to Login",
    "footer_privacy": "Privacy Policy",
    "footer_contact": "Contact Us",
    "footer_help": "Help",
    "footer_copy": "All rights reserved © 2027 Digital Health Administration at King Abdulaziz Hospital",
    "footer_supervisor": "Eng. Hani Miyajan"
  }
}
