{
  "ar": {
    "home": "الرئيسية",
    "about_hospital": "عن المستشفى ▾",
    "doctors": "الاطباء",
    "e_services": "خدمات الالكترونية ▾",
    "staff_services": "خدمات الموظفين",
    "patient_services": "خدمات المرضى",
    "policies": "السياسات",
    "contact_us": "تواصل معنا",
    "login": "تسجيل الدخول",
    "signup": "إنشاء حساب",
    "welcome": "مرحبًا بكم في مستشفى الملك عبد العزيز",
    "global_standards": "نقدم رعاية صحية بمعايير عالمية",
    "health_first": "نهتم بصحتك أولاً",
    "skilled_doctors": "أطباء ذو كفاءة عالية",
    "always_serving": "في خدمتك دائمًا",
    "latest_news": "أحدث اخبار المستشفى",
    "read_more": "اقرأ المزيد",
    "quick_access": "الوصول السريع",
    "go": "اذهب",
    "training_education": "التدريب والتعليم",
    "beds": "الأسرة",
    "doctors_count": "الأطباء",
    "departments": "الأقسام",
    "official_links": "روابط رسمية",
    "contact_info": "معلومات الاتصال",
    "follow_us": "تابعونا",
    "rights_reserved": "جميع الحقوق محفوظة © 2027 الادارة التنفذية للصحة الرقمية في مستشفى الملك عبد العزيز",
    "hany_miyajan": "م.هاني مياجان",
    "electronic_services": "خدمات الالكترونية ▾",
    "about_hospital_arrow": "عن المستشفى ▾",
    "news1": "إزالة حصوات ناجحة خلال موسم الحج\nفي 8 يونيو 2025 (12 ذو الحجة 1446هـ)، قام فريق طبي في المستشفى بإزالة حصوتين من حاج أثناء تأدية مناسك الحج، مما مكنه من إتمام مناسك الحج بنجاح. تم ذلك ضمن نظام الرعاية العاجلة المعتمد في التجمع الصحي بمكة.",
    "news2": "تفعيل المواعيد الافتراضية\nمنذ يومين، أعلن تجمع مكة المكرمة الصحي أن 36,169 مستفيدًا قد أجروا مواعيد افتراضية مع مستشفى الملك عبد العزيز بمكة، كجزء من جهود تعزيز الصحة الرقمية والخدمات عن بُعد",
    "moh": "وزارة الصحة",
    "makkah_health": "تجمع مكة المكرمة الصحي",
    "scfhs": "هيئة التخصصات الصحية",
    "sfda": "هيئة الغذاء والدواء",
    "phone": "الهاتف: 012-5442400",
    "email": "البريد: info@kaah.med.sa",
    "rights_reserved_hospital": "جميع الحقوق محفوظة © 2027 الادارة التنفذية للصحة الرقمية في مستشفى الملك عبد العزيز"
  },
  "en": {
    "home": "Home",
    "about_hospital": "About the Hospital ▾",
    "doctors": "Doctors",
    "e_services": "E-Services ▾",
    "staff_services": "Staff Services",
    "patient_services": "Patient Services",
    "policies": "Policies",
    "contact_us": "Contact Us",
    "login": "Login",
    "signup": "Create Account",
    "welcome": "Welcome to King Abdulaziz Hospital",
    "global_standards": "We provide healthcare with global standards",
    "health_first": "Your health is our priority",
    "skilled_doctors": "Highly skilled doctors",
    "always_serving": "Always at your service",
    "latest_news": "Latest Hospital News",
    "read_more": "Read More",
    "quick_access": "Quick Access",
    "go": "Go",
    "training_education": "Training & Education",
    "beds": "Beds",
    "doctors_count": "Doctors",
    "departments": "Departments",
    "official_links": "Official Links",
    "contact_info": "Contact Information",
    "follow_us": "Follow Us",
    "rights_reserved": "All rights reserved © 2027 Digital Health Executive Office at King Abdulaziz Hospital",
    "hany_miyajan": "Eng. Hany Miyajan",
    "electronic_services": "E-Services ▾",
    "about_hospital_arrow": "About the Hospital ▾",
    "news1": "Successful stone removal during Hajj season\nOn June 8, 2025 (12 Dhul-Hijjah 1446 AH), a medical team at the hospital removed two stones from a pilgrim, allowing him to complete his pilgrimage. This was part of the urgent care system adopted by the Makkah Health Cluster.",
    "news2": "Virtual appointments activated\nTwo days ago, the Makkah Health Cluster announced that 36,169 beneficiaries had virtual appointments with King Abdulaziz Hospital in Makkah, as part of efforts to enhance digital health and remote services.",
    "moh": "Ministry of Health",
    "makkah_health": "Makkah Health Cluster",
    "scfhs": "Saudi Commission for Health Specialties",
    "sfda": "Saudi Food & Drug Authority",
    "phone": "Phone: 012-5442400",
    "email": "Email: info@kaah.med.sa",
    "rights_reserved_hospital": "All rights reserved © 2027 Digital Health Executive Office at King Abdulaziz Hospital"
  }
}