{
  "ar": {
    "header_title": "مستشفى الملك عبد العزيز بمكة",
    "nav_home": "الرئيسية",
    "nav_about": "عن المستشفى",
    "nav_doctors": "الأطباء",
    "nav_services": "الخدمات الإلكترونية",
    "nav_emp_services": "خدمات الموظفين",
    "nav_pat_services": "خدمات المرضى",
    "nav_policies": "السياسات",
    "nav_contact": "تواصل معنا",
    "login_btn": "تسجيل الدخول",
    "signup_btn": "إنشاء حساب",

    "emp_services_title": "خدمات الموظفين",
    "emp_services_subtitle": "من الخدمات الإدارية والتشغيلية لتسهيل عملك اليومي",
    "service_quality": "نظام الجودة",
    "service_quality_desc": "متابعة مؤشرات الجودة وتقارير التحسين",
    "service_support": "نظام الدعم الفني",
    "service_support_desc": "تقديم بلاغات صيانة الأجهزة والأنظمة",
    "service_cert": "نظام الشهادات",
    "service_cert_desc": "استعراض طلبات شهادات إدارية أو تدريبية",
    "service_hours": "فترة العمل",
    "service_hours_desc": "معرفة الجداول الزمنية وفترات الدوام",
    "service_policy": "مكتبة السياسات",
    "service_policy_desc": "الوصول إلى السياسات التنظيمية والإدارية للمستشفى",
    "service_eval": "نظام التقييم",
    "service_eval_desc": "تعبئة استبيانات تقييم الأداء والرضا",
    "service_enter": "دخول",

    "footer_links": "روابط رسمية",
    "footer_moh": "وزارة الصحة",
    "footer_cluster": "تجمع مكة المكرمة الصحي",
    "footer_scfhs": "هيئة التخصصات الصحية",
    "footer_sfda": "هيئة الغذاء والدواء",
    "footer_contact": "معلومات الاتصال",
    "footer_phone": "الهاتف: 012-5442400",
    "footer_email": "البريد: info@kaah.med.sa",
    "footer_follow": "تابعونا",
    "footer_copy": "جميع الحقوق محفوظة © 2027 الإدارة التنفذية للصحة الرقمية في مستشفى الملك عبد العزيز",
    "footer_supervisor": "م. هاني مياجان"
  },

  "en": {
    "header_title": "King Abdulaziz Hospital - Makkah",
    "nav_home": "Home",
    "nav_about": "About",
    "nav_doctors": "Doctors",
    "nav_services": "E-Services",
    "nav_emp_services": "Employee Services",
    "nav_pat_services": "Patient Services",
    "nav_policies": "Policies",
    "nav_contact": "Contact Us",
    "login_btn": "Login",
    "signup_btn": "Sign Up",

    "emp_services_title": "Employee Services",
    "emp_services_subtitle": "Administrative and operational services to simplify your daily tasks",
    "service_quality": "Quality System",
    "service_quality_desc": "Track quality indicators and improvement reports",
    "service_support": "Technical Support",
    "service_support_desc": "Submit maintenance reports for devices and systems",
    "service_cert": "Certificates System",
    "service_cert_desc": "View requests for administrative or training certificates",
    "service_hours": "Working Hours",
    "service_hours_desc": "View work schedules and shift timings",
    "service_policy": "Policy Library",
    "service_policy_desc": "Access hospital organizational and administrative policies",
    "service_eval": "Evaluation System",
    "service_eval_desc": "Fill out performance and satisfaction evaluation forms",
    "service_enter": "Enter",

    "footer_links": "Official Links",
    "footer_moh": "Ministry of Health",
    "footer_cluster": "Makkah Health Cluster",
    "footer_scfhs": "SCFHS",
    "footer_sfda": "SFDA",
    "footer_contact": "Contact Info",
    "footer_phone": "Phone: 012-5442400",
    "footer_email": "Email: info@kaah.med.sa",
    "footer_follow": "Follow Us",
    "footer_copy": "All rights reserved © 2027 Digital Health Administration - King Abdulaziz Hospital",
    "footer_supervisor": "Eng. Hani Miyajan"
  }
}
