{
  "ar": {
    "about_title": "نبذة عن المستشفى",
    "about_desc1": "منشأة صحية غير ربحية بسعة 300 سرير، تأسست بحي الزاهر منذ عام 1365هـ (1946م) وتعد من أكبر المجمعات الطبية في مكة",
    "about_desc2": "معتمدة من قِبَل المركز السعودي لاعتماد المنشآت الصحية  حصلت على الاعتماد المؤسسي من الهيئة السعودية للتخصصات الصحية لعدة سنوات",
    "vision_title": "رؤيتنا",
    "vision_text": "أن نكون روادًا في تقديم رعاية صحية شاملة وآمنة",
    "mission_title": "رسالتنا",
    "mission_text": "تقديم خدمات طبية عالية الجودة تركز على المريض وتحقق أعلى معايير السلامة",
    "team_title": "إدارة المستشفى",
    "departments_title": "أقسام المستشفى",

    "dept_internal": "الباطنة",
    "dept_internal_desc": "رعاية شاملة للأمراض الداخلية",
    "dept_neuro": "الأعصاب",
    "dept_neuro_desc": "علاج أمراض الجهاز العصبي",
    "dept_heart": "القلب",
    "dept_heart_desc": "رعاية متخصصة لصحة القلب",
    "dept_bones": "العظام",
    "dept_bones_desc": "علاج مشاكل العظام والمفاصل",
    "dept_dental": "الأسنان",
    "dept_dental_desc": "رعاية شاملة للأسنان",
    "dept_emergency": "الطوارئ",
    "dept_emergency_desc": "خدمة طوارئ 24 ساعة",
    "dept_lab": "المختبرات",
    "dept_lab_desc": "تحاليل دقيقة باستخدام أحدث التقنيات",
    "dept_mental": "الصحة النفسية",
    "dept_mental_desc": "رعاية نفسية متكاملة",

    "nav_home": "الرئيسية",
    "nav_about": "عن المستشفى ▾",
    "nav_doctors": "الاطباء",
    "nav_services": "خدمات الالكترونية ▾",
    "nav_emp_services": "خدمات الموظفين",
    "nav_pat_services": "خدمات المرضى",
    "nav_policies": "السياسات",
    "nav_contact": "تواصل معنا",

    "login_btn": "تسجيل الدخول",
    "signup_btn": "إنشاء حساب",

    "team_ceo": "د. المدير التنفيذي",
    "team_medical": "د. المدير الطبي",
    "team_admin": "د. مدير المستشفى",
    "team_assist1": "د. مساعد أول",
    "team_assist2": "د. مساعد ثاني",
    "team_assist3": "د. مساعد ثالث",
    "team_head": "د. رئيس الإدارة",
    "team_support": "د. مساعد الإدارة",
    "team_member": "د. عضو الإدارة",

    "footer_links": "روابط رسمية",
    "footer_moh": "وزارة الصحة",
    "footer_cluster": "تجمع مكة المكرمة الصحي",
    "footer_scfhs": "هيئة التخصصات الصحية",
    "footer_sfda": "هيئة الغذاء والدواء",

    "footer_contact": "معلومات الاتصال",
    "footer_phone": "الهاتف: 012-5442400",
    "footer_email": "البريد: info@kaah.med.sa",

    "footer_follow": "تابعونا",
    "footer_copy": "جميع الحقوق محفوظة © 2027 الادارة التنفذية للصحة الرقمية في مستشفى الملك عبد العزيز",
    "footer_supervisor": "م.هاني مياجان"
  },

  "en": {
    "about_title": "About the Hospital",
    "about_desc1": "A non-profit health facility with 300 beds, established in Al-Zahir in 1946, considered one of the largest medical complexes in Makkah.",
    "about_desc2": "Accredited by the Saudi Central Board for Accreditation of Healthcare Institutions and certified by the Saudi Commission for Health Specialties for several years.",
    "vision_title": "Our Vision",
    "vision_text": "To be pioneers in delivering comprehensive and safe healthcare.",
    "mission_title": "Our Mission",
    "mission_text": "To provide high-quality medical services focused on the patient and meeting the highest safety standards.",
    "team_title": "Hospital Management",
    "departments_title": "Hospital Departments",

    "dept_internal": "Internal Medicine",
    "dept_internal_desc": "Comprehensive care for internal diseases",
    "dept_neuro": "Neurology",
    "dept_neuro_desc": "Treatment of nervous system diseases",
    "dept_heart": "Cardiology",
    "dept_heart_desc": "Specialized heart care",
    "dept_bones": "Orthopedics",
    "dept_bones_desc": "Treatment of bone and joint problems",
    "dept_dental": "Dentistry",
    "dept_dental_desc": "Comprehensive dental care",
    "dept_emergency": "Emergency",
    "dept_emergency_desc": "24-hour emergency service",
    "dept_lab": "Laboratories",
    "dept_lab_desc": "Accurate testing using the latest technologies",
    "dept_mental": "Mental Health",
    "dept_mental_desc": "Integrated psychological care",

    "nav_home": "Home",
    "nav_about": "About ▾",
    "nav_doctors": "Doctors",
    "nav_services": "E-Services ▾",
    "nav_emp_services": "Employee Services",
    "nav_pat_services": "Patient Services",
    "nav_policies": "Policies",
    "nav_contact": "Contact Us",

    "login_btn": "Login",
    "signup_btn": "Sign Up",

    "team_ceo": "CEO",
    "team_medical": "Medical Director",
    "team_admin": "Hospital Director",
    "team_assist1": "Assistant 1",
    "team_assist2": "Assistant 2",
    "team_assist3": "Assistant 3",
    "team_head": "Head of Department",
    "team_support": "Admin Assistant",
    "team_member": "Team Member",

    "footer_links": "Official Links",
    "footer_moh": "Ministry of Health",
    "footer_cluster": "Makkah Health Cluster",
    "footer_scfhs": "SCFHS",
    "footer_sfda": "SFDA",

    "footer_contact": "Contact Information",
    "footer_phone": "Phone: 012-5442400",
    "footer_email": "Email: info@kaah.med.sa",

    "footer_follow": "Follow Us",
    "footer_copy": "All rights reserved © 2027 Digital Health Administration - King Abdulaziz Hospital",
    "footer_supervisor": "Eng. Hani Mayajan"
  }
}
