{
  "ar": {
    "page_title": "إنشاء حساب جديد",
    "form_title": "إنشاء حساب جديد",
    "label_name": "الاسم الكامل",
    "label_phone": "رقم الجوال",
    "label_email": "البريد الإلكتروني",
    "label_password": "كلمة المرور",
    "label_confirm_password": "تأكيد كلمة المرور",
    "label_role": "نوع المستخدم",
    "label_remember": "تذكرني",
    "btn_signup": "إنشاء الحساب",
    "have_account": "لديك حساب مسبقاً؟",
    "login_link": "تسجيل الدخول",
    "footer_privacy": "سياسة الخصوصية",
    "footer_contact": "اتصل بنا",
    "footer_help": "المساعدة",
    "footer_copy": "جميع الحقوق محفوظة © 2027 الادارة التنفذية للصحة الرقمية في مستشفى الملك عبد العزيز",
    "footer_supervisor": "م.هاني مياجان",
    "lang_btn": "عربي",
    "nav_home": "الرئيسية",
    "placeholder_name": "اكتب اسمك الكامل",
    "placeholder_phone": "5XXXXXXXX",
    "placeholder_email": "example@email.com",
    "placeholder_password": "كلمة مرور قوية",
    "placeholder_confirm": "أعد كتابة كلمة المرور",
    "option_visitor": "مريض",
    "option_staff": "موظف",
    "error_fill_fields": "يرجى ملء جميع الحقول.",
    "error_password_requirements": "يجب أن تحتوي كلمة المرور على 8 أحرف على الأقل، حرف كبير، ورمز خاص.",
    "error_password_match": "كلمتا المرور غير متطابقتين.",
    "success_created": "تم إنشاء الحساب بنجاح!"
  },
  "en": {
    "page_title": "Create New Account",
    "form_title": "Create New Account",
    "label_name": "Full Name",
    "label_phone": "Phone Number",
    "label_email": "Email",
    "label_password": "Password",
    "label_confirm_password": "Confirm Password",
    "label_role": "User Type",
    "label_remember": "Remember Me",
    "btn_signup": "Sign Up",
    "have_account": "Already have an account?",
    "login_link": "Login",
    "footer_privacy": "Privacy Policy",
    "footer_contact": "Contact Us",
    "footer_help": "Help",
    "footer_copy": "All rights reserved © 2027 Digital Health Administration – King Abdulaziz Hospital",
    "footer_supervisor": "Eng. Hani Miyajan",
    "lang_btn": "English",
    "nav_home": "Home",
    "placeholder_name": "Enter your full name",
    "placeholder_phone": "5XXXXXXXX",
    "placeholder_email": "example@email.com",
    "placeholder_password": "Strong password",
    "placeholder_confirm": "Retype your password",
    "option_visitor": "Patient",
    "option_staff": "Staff",
    "error_fill_fields": "Please fill in all fields.",
    "error_password_requirements": "Password must be at least 8 characters with an uppercase letter and special character.",
    "error_password_match": "Passwords do not match.",
    "success_created": "Account created successfully!"
  }
}
