{
  "ar": {
    "home": "الرئيسية",
    "about_hospital_arrow": "عن المستشفى ▾",
    "doctors": "الأطباء",
    "electronic_services": "خدمات الإلكترونية ▾",
    "staff_services": "خدمات الموظفين",
    "patient_services": "خدمات المرضى",
    "policies": "السياسات",
    "contact_us": "تواصل معنا",
    "my_profile": "صفحتي",
    "logout": "تسجيل الخروج",
    "welcome": "مرحبًا بكم في مستشفى الملك عبد العزيز",
    "global_standards": "نقدم رعاية صحية بمعايير عالمية",
    "health_first": "نهتم بصحتك أولاً",
    "skilled_doctors": "أطباء ذو كفاءة عالية",
    "always_serving": "في خدمتك دائمًا",
    "latest_news": "أحدث أخبار المستشفى",
    "news1": "إزالة حصوات ناجحة خلال موسم الحج\nفي 8 يونيو 2025 (12 ذو الحجة 1446هـ)، قام فريق طبي في المستشفى بإزالة حصوتين من حاج أثناء تأدية مناسك الحج، مما مكنه من إتمام مناسك الحج بنجاح. تم ذلك ضمن نظام الرعاية العاجلة المعتمد في التجمع الصحي بمكة.",
    "news2": "تفعيل المواعيد الافتراضية\nمنذ يومين، أعلن تجمع مكة المكرمة الصحي أن 36,169 مستفيدًا قد أجروا مواعيد افتراضية مع مستشفى الملك عبد العزيز بمكة، كجزء من جهود تعزيز الصحة الرقمية والخدمات عن بُعد",
    "read_more": "اقرأ المزيد",
    "quick_access": "الوصول السريع",
    "training_education": "التدريب والتعليم",
    "go": "اذهب",
    "beds": "الأسرة",
    "doctors_count": "الأطباء",
    "departments": "الأقسام",
    "official_links": "روابط رسمية",
    "moh": "وزارة الصحة",
    "makkah_health": "تجمع مكة المكرمة الصحي",
    "scfhs": "هيئة التخصصات الصحية",
    "sfda": "هيئة الغذاء والدواء",
    "contact_info": "معلومات الاتصال",
    "phone": "الهاتف: 012-5442400",
    "email": "البريد: info@kaah.med.sa",
    "follow_us": "تابعونا",
    "rights_reserved_hospital": "جميع الحقوق محفوظة © 2027 الادارة التنفذية للصحة الرقمية في مستشفى الملك عبد العزيز",
    "hany_miyajan": "م.هاني مياجان"
  },
  "en": {
    "home": "Home",
    "about_hospital_arrow": "About Hospital ▾",
    "doctors": "Doctors",
    "electronic_services": "E-Services ▾",
    "staff_services": "Employee Services",
    "patient_services": "Patient Services",
    "policies": "Policies",
    "contact_us": "Contact Us",
    "my_profile": "My Profile",
    "logout": "Logout",
    "welcome": "Welcome to King Abdulaziz Hospital",
    "global_standards": "We provide healthcare with global standards",
    "health_first": "Your health is our priority",
    "skilled_doctors": "Highly Skilled Doctors",
    "always_serving": "Always at Your Service",
    "latest_news": "Latest Hospital News",
    "news1": "Successful stone removal during Hajj season\nOn June 8, 2025 (12 Dhul-Hijjah 1446H), a medical team at the hospital successfully removed two stones from a pilgrim, allowing him to complete his pilgrimage. This was part of the urgent care system of Makkah Health Cluster.",
    "news2": "Virtual Appointments Activated\nTwo days ago, the Makkah Health Cluster announced that 36,169 beneficiaries had virtual appointments with King Abdulaziz Hospital in Makkah as part of digital health efforts.",
    "read_more": "Read More",
    "quick_access": "Quick Access",
    "training_education": "Training & Education",
    "go": "Go",
    "beds": "Beds",
    "doctors_count": "Doctors",
    "departments": "Departments",
    "official_links": "Official Links",
    "moh": "Ministry of Health",
    "makkah_health": "Makkah Health Cluster",
    "scfhs": "Saudi Commission for Health Specialties",
    "sfda": "Food & Drug Authority",
    "contact_info": "Contact Information",
    "phone": "Phone: 012-5442400",
    "email": "Email: info@kaah.med.sa",
    "follow_us": "Follow Us",
    "rights_reserved_hospital": "All rights reserved © 2027 Digital Health Administration at King Abdulaziz Hospital",
    "hany_miyajan": "Eng. Hani Miyajan"
  }
}
