{
  "ar": {
    "page_title": "تعيين كلمة مرور جديدة",
    "hospital_name_ar": "مستشفى الملك عبد العزيز بمكة",
    "hospital_name_en": "King Abdulaziz Hospital",
    "lang_btn": "عربي",
    "nav_home": "الرئيسية",
    "form_title": "تعيين كلمة مرور جديدة",
    "form_subtitle": "الرجاء إدخال كلمة المرور الجديدة الخاصة بك",
    "label_new_password": "كلمة المرور الجديدة",
    "label_confirm_password": "تأكيد كلمة المرور",
    "requirements_title": "متطلبات كلمة المرور",
    "requirement_1": "٨ أحرف على الأقل",
    "requirement_2": "حرف كبير واحد على الأقل",
    "requirement_3": "رمز خاص واحد على الأقل (@#$%^&*)",
    "btn_update": "تحديث كلمة المرور",
    "back_login": "العودة لتسجيل الدخول",
    "footer_privacy": "سياسة الخصوصية",
    "footer_contact": "اتصل بنا",
    "footer_help": "المساعدة",
    "footer_copy": "جميع الحقوق محفوظة © 2027 الإدارة التنفيذية للصحة الرقمية في مستشفى الملك عبد العزيز",
    "footer_supervisor": "م. هاني مياجان",
    "msg_invalid": "❌ الرجاء وضع كلمة مرور تتوافق مع المتطلبات المذكورة",
    "msg_mismatch": "❌ كلمة المرور وتأكيدها غير متطابقتين",
    "msg_success": "✅ تم تحديث كلمة المرور بنجاح"
  },
  "en": {
    "page_title": "Reset Password",
    "hospital_name_ar": "King Abdulaziz Hospital in Makkah",
    "hospital_name_en": "King Abdulaziz Hospital",
    "lang_btn": "English",
    "nav_home": "Home",
    "form_title": "Reset Your Password",
    "form_subtitle": "Please enter your new password",
    "label_new_password": "New Password",
    "label_confirm_password": "Confirm Password",
    "requirements_title": "Password Requirements",
    "requirement_1": "At least 8 characters",
    "requirement_2": "At least one uppercase letter",
    "requirement_3": "At least one special character (@#$%^&*)",
    "btn_update": "Update Password",
    "back_login": "Back to Login",
    "footer_privacy": "Privacy Policy",
    "footer_contact": "Contact Us",
    "footer_help": "Help",
    "footer_copy": "All rights reserved © 2027 Digital Health Administration at King Abdulaziz Hospital",
    "footer_supervisor": "Eng. Hani Miyajan",
    "msg_invalid": "❌ Please enter a password that meets the mentioned requirements",
    "msg_mismatch": "❌ Password and confirmation do not match",
    "msg_success": "✅ Password has been updated successfully"
  }
}
